ClienteID,Nombre,Edad,Email,FechaRegistro,GastosUltimoMes,Activo
b3ba0246-3b55-42c7-9c0a-4363b33ae601,Aldin,21,ablaik0@illinois.edu,2020-08-17,690.94,true
23dec83f-21d2-48a3-b3d7-832b26e72b26,Alyssa,58,afonte1@cmu.edu,2021-02-27,238.56,false
cbe0c4d7-3d1f-45ee-84f7-8ba5d5470280,Eloise,80,eblamire2@buzzfeed.com,2021-11-02,967.24,false
17be0594-8067-408a-b0e9-aed6fe1770c5,Adelheid,81,amaleham3@taobao.com,,18.47,false
6dfb7f6c-3053-429d-863d-2e41d08c2d87,Rubetta,7,rchastenet4@istockphoto.com,2020-10-29,979.17,false
8f841b88-7686-4faf-bbbb-28e7fae51c07,Josefa,45,jgillibrand5@google.co.jp,2020-09-26,994.55,true
f61a7134-80a6-439e-99d9-1bc7a81f6c28,Hartley,17,holivier6@wikipedia.org,2023-11-20,669.68,true
de1fd57e-56c0-4205-8174-a81ce70a349d,Kat,,ktanguy7@admin.ch,2021-05-21,461.95,false
0222354f-f947-4bc3-a143-4d6d9b5a678b,Jan,41,jgodthaab8@theatlantic.com,2020-07-19,898.17,false
d7bc401c-8d3d-4d72-8fed-acb774462608,Cass,66,csheavills9@soundcloud.com,2021-01-11,605.78,false
31cccae2-af7a-41ed-af1e-ab53853cfd07,Boycey,87,bpiwella@slashdot.org,2020-08-10,787.96,true
0000a364-b549-46f9-b97c-3f71795b902a,Julianna,45,jcordeixb@cnet.com,2021-11-12,406.29,false
d374bf02-d7c4-4416-a2a9-3ec41ad815f4,Odille,63,othamec@reference.com,2023-01-09,813.95,true
4f616c9b-eb24-42c1-8792-a5244666d482,Errol,16,ehaywardd@reference.com,2021-08-21,505.55,true
733b6049-fe75-423c-9356-8515a7146520,Verina,68,vhurlere@mail.ru,2021-04-06,13.98,false
8e1ba0d6-13b2-4d8e-a498-d277189cf22c,Baxter,36,bstalmanf@sbwire.com,2021-06-30,,false
9c2e273a-bec0-48c8-b8ae-dc255a9a0457,Georgi,101,,2022-12-06,83.04,true
91f42e10-dba4-4e25-88ae-ab69b4b7cbad,Arnuad,58,alegisterh@issuu.com,2023-04-08,573.05,true
47895285-f7cb-44fa-add9-f6338ac07f2a,Will,89,wsireti@google.fr,2020-05-15,886.05,true
0b33fe78-30ea-449e-b730-ece756d923d6,Philip,73,pbeadmanj@facebook.com,2021-12-26,605.97,false
9e898df1-d0b8-45a9-bd49-eadf36f38fd2,Creight,104,cgavahank@bloglines.com,2022-02-24,827.8,true
a01ddb2e-70ca-4a00-96b8-d38fe6cfa74d,Leeanne,,legintonl@de.vu,2022-06-04,968.4,true
f340163c-2ee7-4e34-8d29-58e34821f483,Francklyn,,fmcmeekinm@about.me,2023-03-28,41.29,true
b3fe6361-44b9-4f3e-bfe1-0ccba0206f6c,Keene,86,kyankovn@answers.com,2021-04-12,500.73,true
04af7adc-a225-46fa-a786-04104c1e48a5,Chaunce,100,cgathercoalo@latimes.com,2021-09-05,722.93,
da72a395-6b85-43ea-b583-099b8df8fddb,Bendicty,57,bbriggp@wordpress.com,2022-05-14,122.68,true
72789a58-c7e4-47ea-8361-9bed1c0903a3,Salem,4,sdecullipq@posterous.com,2021-02-06,732.12,false
5ec88d5d-8d57-41b8-9d90-c5d6533307aa,Gaelan,45,gbroadr@google.de,2021-12-09,299.76,true
34f28f60-2163-440d-b58f-c78f760abfa7,Violet,105,vhannahs@freewebs.com,2022-10-23,915.19,false
5b7b00cc-5d76-46fd-b8cf-0aa88952f8db,Gorden,84,gtewt@freewebs.com,2022-08-03,287.77,true
8b31a984-3793-40a2-9ec6-82f4a4cfa996,Bartie,15,bcastletonu@forbes.com,2023-08-13,136.46,true
0a00b6f1-8ef3-456c-918b-ef1bd90626ec,Delia,55,dmucklestonv@patch.com,2020-05-06,914.03,true
78e1ea2d-af5b-418f-b68c-ae8b21f2b647,Blakeley,56,bmordiew@ca.gov,2020-09-28,466.99,true
bd6a597b-1ed5-4b6d-9300-e1e9cbf661bf,,88,rstentx@a8.net,2022-12-31,557.41,false
25f1615b-c448-44e4-8b1b-21abfb19e8fd,Sandro,70,,2021-11-18,493.44,true
91f4a755-dcfb-426a-8de7-f78238c9b62f,Gavrielle,65,gprahmz@sina.com.cn,2021-12-17,306.61,true
983cdf16-1601-43fb-80a2-20895d540e25,Dante,79,dgirod10@sitemeter.com,2022-09-13,613.38,true
15cdc878-7fdc-40d8-99ff-a7891a745e01,Lindsy,49,lmaddocks11@tripod.com,2021-08-26,903.18,false
fec4583e-1802-47df-aebe-84ca03da340b,Brnaba,72,bcasillis12@businessweek.com,2023-11-05,636.88,false
f47ae529-66d3-4276-9c8f-b107ceb80238,Cinda,92,cvagges13@goo.gl,2022-02-15,139.75,
3060e69a-f025-49fd-b5cb-47ae8b90b053,Marquita,105,myankeev14@amazon.com,2024-03-16,548.75,true
73b97294-9875-4d0a-9589-b1a7e4f905ba,Willetta,92,wnosworthy15@de.vu,2024-02-27,404.28,true
b19624cb-d08a-4043-86cd-907dab8319c1,Gwyneth,105,gsanders16@theatlantic.com,2022-03-01,585.94,true
deead698-556d-4715-a9d1-20949750a799,Collete,56,csuston17@cisco.com,2020-12-01,485.73,false
81c9b3d5-9a96-47c4-a350-10f0ba0c8d5b,Rickard,37,raddey18@usgs.gov,2022-01-27,297.17,false
e900fd58-a8a7-4e5b-8c7e-5692c1d63e07,Carmelina,63,cchalker19@ameblo.jp,2022-06-02,,false
59dc64de-2636-4040-855a-ecda79877244,Marc,31,mmara1a@mayoclinic.com,2023-07-16,401.39,true
52231bfc-bdd0-49a7-b48e-c4eac41a261d,Chilton,57,cjursch1b@mail.ru,2022-06-11,53.45,true
be989684-86ce-4fdb-af2a-df9d00c08304,Samara,98,skleinhausen1c@sciencedaily.com,2021-08-20,547.47,
83fe6a0e-b356-434f-9e6e-4a7a36758972,Leesa,72,lbanasik1d@answers.com,2021-09-03,214.9,false
,Flem,64,fkowal1e@drupal.org,2023-06-12,997.45,true
e7af6663-d3bb-4508-b170-1d7be5807d62,Desdemona,57,dderoeck1f@trellian.com,2021-11-17,587.55,true
f8f3df6a-4782-4c2b-a90a-8c45be24c665,Jocelyn,101,jharmant1g@csmonitor.com,2020-12-31,354.93,false
c238c032-5646-413d-9543-1cb9e99eccc0,Amandie,86,apietersma1h@surveymonkey.com,2023-04-24,11.03,true
013381a7-1c72-444f-9ef9-e7a031fa30c8,Nariko,75,ngotcliff1i@soundcloud.com,2020-08-31,548.42,true
780a1e4f-1d61-4a1d-9361-fe029a4cb369,Julie,34,jstuckey1j@printfriendly.com,2022-10-15,840.57,true
05c839f5-e01e-4898-8ba8-de53c49a9f4b,Masha,16,mmcilwrick1k@imgur.com,2022-04-20,124.35,false
2b9487eb-61ef-42a1-af7e-ba4f3b4ec137,Brandice,81,bparmley1l@photobucket.com,2023-11-13,784.71,true
264e5832-7108-43c9-939c-7e8df4ff1176,Yorgos,6,ylivingston1m@wikimedia.org,2022-08-17,487.21,true
627c61ae-7fed-47b5-ae99-d59cb562a1a9,Lura,95,ldemullett1n@latimes.com,2023-10-07,988.0,true
5e08078d-d7d4-4e86-9b06-124c695d4575,,80,jnewland1o@kickstarter.com,2023-04-19,137.79,false
5a7ac0c0-bec3-4d52-b325-62c95e072a77,Caye,,ctower1p@google.com.hk,2021-11-28,522.03,true
b72bb1a9-6e2f-47cd-99c3-b35c70116c1b,Sheelah,107,sanstead1q@furl.net,2024-01-01,924.08,false
b5f7659d-1d86-4631-bcdd-03d3f2c8a3e4,,31,eeilhermann1r@scribd.com,2023-04-30,113.41,true
d384f32c-2928-4300-a390-2b5345f2aac1,Fons,94,fclinton1s@etsy.com,2020-08-20,57.22,false
c4b62a6a-3b3e-48b1-99a5-42bee467f52c,Cordie,104,cgrelik1t@altervista.org,2024-01-11,46.27,false
e0f249cc-b20e-43da-872a-c101b3eb1cb9,Eleonore,101,epenton1u@china.com.cn,2023-08-04,75.51,false
7836ca5b-9822-42d5-89be-0cc611e17f9f,Foss,2,flude1v@domainmarket.com,2021-06-05,273.86,true
8868d790-3cad-437c-9342-0058c5fc0bcb,Chrisy,63,ctideswell1w@ehow.com,2023-10-01,16.7,true
155d0c22-22e3-4ce6-bd2f-ce7108fee7d5,Sonja,87,sdrews1x@bizjournals.com,2022-09-01,537.06,false
7e25ac35-3db4-42f3-8a2b-1b90a7472980,Gwyneth,82,gdumbelton1y@webnode.com,2021-04-06,,false
b56dd41a-6e94-4b9a-bc64-a97a18a72a07,Rolland,23,relcoat1z@fc2.com,2024-04-04,115.14,true
2e68d1d6-f453-41dd-a6e6-45865932c6e0,Edyth,54,ecorradengo20@amazon.co.jp,2020-05-18,347.07,false
fb8252f5-2ff5-4734-90f1-2c5621b5b91b,Angelle,25,aluten21@cocolog-nifty.com,2024-03-03,890.95,false
2472a3f4-0ee5-4c15-b716-c2e05e0f2d13,Bernhard,30,bteacy22@ucla.edu,2022-07-08,501.02,true
c7c0066c-8393-42df-b16f-f30eaf730d1d,Aggy,30,aferns23@hatena.ne.jp,2021-04-02,616.74,false
5890cba8-5a68-45f1-b308-52e157c1fe85,Chery,98,centwisle24@cpanel.net,2024-01-03,267.94,false
78da7514-fc64-415b-bebc-2a4be35312fd,Shirline,11,sraveau25@cyberchimps.com,2024-01-26,502.42,false
f7d21135-a7e2-48e8-a9ae-418bfb33ef8f,Harper,109,hmidford26@myspace.com,2021-01-13,212.59,true
c9207274-fadb-4453-92d1-1dee7b4ab549,Sylvester,32,sthomerson27@discuz.net,2020-10-11,578.74,false
486a6bf4-751f-4bff-9b4b-fbbd59c18ddb,Phil,38,pimason28@phpbb.com,2023-11-18,430.9,false
7debe0e0-c4dc-4512-ac28-72d6a988ae9e,,,tfairbourn29@hexun.com,2023-06-12,941.58,true
3a215ac0-4e11-49a8-aef9-83e857343c20,Liane,41,ldart2a@mlb.com,2022-09-23,742.46,false
5259d807-9106-4662-9001-6879e4cf40ff,Robena,57,randraud2b@ed.gov,2021-11-15,814.31,false
594ffcf6-160a-4138-962e-eebd4d24f1d0,Harald,69,,2024-04-27,348.44,true
61509cfc-aa18-4373-86db-85871649712d,Tamera,13,teayrs2d@loc.gov,,254.82,true
9ed9ee01-037d-4e75-b219-10a6986390c3,Obidiah,,odavern2e@google.nl,2021-06-24,546.57,false
876e22e8-d54b-450a-9ba9-449b137d44d8,Lynette,100,lpitney2f@simplemachines.org,2023-05-29,271.83,false
0e35142d-a001-464c-9dfb-3b3fa0b8a49e,Bing,86,bleisk2g@reference.com,2020-09-13,614.95,true
86fdb3bb-dc34-4da8-b10d-ee4c5f50913a,Orin,88,oragat2h@jalbum.net,2024-01-18,722.59,false
4678b59f-bd44-4d1e-a27c-e9ce368dd627,Kameko,29,kyearron2i@alibaba.com,2021-02-26,641.53,false
571d0e33-19e6-4d02-a1ff-5641b953ce0e,Tuck,94,tritzman2j@seesaa.net,2023-03-17,922.6,true
80fbed31-bb00-4991-bfcc-5fb448c203d5,Sammie,86,sandriveau2k@biglobe.ne.jp,2020-10-14,465.77,false
e71d0007-7a45-4b3d-9c6b-a01354cbfa2b,Prentice,98,phiskey2l@mlb.com,2020-12-15,797.06,true
12d89704-3384-4697-8692-2525d777e8f2,Anson,39,,2023-01-21,723.88,true
14b53319-80ef-4b49-ac32-eb04c6e8a657,Evita,88,estredder2n@ft.com,2022-09-09,101.72,true
ad7cf3d9-d2db-4218-be5f-302552ff5d79,Hamlen,79,hduckerin2o@feedburner.com,2021-05-21,138.98,false
33bd187b-278c-44cf-973d-c2fe1496507c,Dell,0,dhilldrop2p@google.fr,2021-01-25,505.22,false
06056510-6555-4d42-bfd7-b241d4cddead,Gibbie,24,gsturney2q@epa.gov,2023-10-09,83.19,true
194899bd-ce4b-45aa-9a6b-c23c19b4c2df,,40,lpetrelli2r@indiegogo.com,2022-12-14,745.75,false
49c44424-0085-4c87-85ad-1c821f109389,Jessica,80,jdare2s@hatena.ne.jp,2020-10-23,68.29,true
a1fcffdf-af32-4031-8050-0923100274c2,Vania,13,vlonsdale2t@drupal.org,2022-08-10,880.01,true
6cc4710f-392e-40a4-98a8-591a35cc00ea,Swen,58,sthorndycraft2u@deviantart.com,2021-03-09,60.71,false
50a9e87c-965c-457d-b4a6-a7189c7f69ac,Sondra,108,szupone2v@umich.edu,2022-12-16,145.34,false
3c4f578c-81e0-42d7-9393-a6597b1ed55b,Pauly,52,pdreus2w@opera.com,2023-07-16,417.92,true
ff3b0d2d-6798-4e84-8952-de3a364f807c,Leicester,95,lanand2x@soundcloud.com,2021-05-01,435.75,false
23b5b866-f478-4363-8446-be3250f72d81,Alfy,107,aniles2y@geocities.com,2022-02-18,936.44,false
5d4eeeab-9a08-4d8d-890c-5bdec8e99ea7,Towny,108,tmorriarty2z@desdev.cn,2021-03-15,583.2,false
8892d961-f9e7-441f-afa4-2bb4a93689c8,Glennie,106,gsotheron30@comsenz.com,2023-02-03,830.9,true
2e7d1522-fd29-45ed-ad66-ee64cd14c276,Karna,68,kpocklington31@is.gd,2021-01-08,369.61,true
fbb7f252-b419-445f-a8e0-541b173505c1,Saudra,105,ssewill32@time.com,2020-06-09,744.12,false
61e85bfa-5e5c-4cb6-adc2-1dcaeaf0d77e,Rachel,45,rplascott33@harvard.edu,2022-08-31,63.66,false
9635e933-579c-4c43-b342-e9d65d38775a,Clifford,54,csarl34@tinypic.com,2023-06-20,154.73,false
0ab062b3-1a41-46a9-9cae-14bf0fe8ec6a,Brion,64,,2022-02-24,847.82,false
3f01a19d-0420-4e56-b593-de2d0390a890,Dorthy,104,deede36@admin.ch,2020-06-16,777.68,false
1e851281-6c26-4864-904b-0014da6471d7,Gerri,86,ggresham37@liveinternet.ru,2023-03-07,128.82,false
0e4db7a6-fdb1-49f8-a67b-ecab6712ad6e,Mathew,58,mcollomosse38@geocities.jp,2022-05-25,56.95,false
ca38d3b1-05ec-4f4b-a3a9-5967b1df9bf6,Wini,40,wgergher39@loc.gov,2021-10-14,970.34,false
bbb4a204-abe4-4486-b6fe-5bb8b11720b3,Rockwell,72,rneachell3a@altervista.org,2023-12-16,830.53,true
f025a663-7287-420e-bb20-1a255437d3bb,Tildie,108,tbigham3b@free.fr,2021-11-18,317.44,true
8f99b5d0-3e53-439d-8857-66c00c75155e,Rhetta,8,rbearcock3c@google.com.br,2023-01-24,757.27,false
b452fa61-3eab-4a2d-bc6e-257f4ac81166,Gradeigh,8,ggehring3d@usnews.com,2023-08-18,895.31,false
55e97534-d148-4d6e-a30c-6580cd68bc84,Beryl,99,btarge3e@dailymotion.com,2020-09-03,720.29,false
87ee21f2-088f-4943-a272-8d38f089726f,Wayne,41,wpitchford3f@joomla.org,2020-08-13,132.89,true
64563c41-529d-438d-a588-e719180a626f,Rosaline,35,rstorton3g@delicious.com,2021-07-17,936.62,false
8b83ba04-7e83-4bfa-bde7-c6e0472364db,Prentiss,38,pmilington3h@eventbrite.com,2022-01-06,83.47,false
4e1101ed-5ff9-4e29-8269-de2b7fe8d64e,Brooke,4,bstampfer3i@census.gov,2022-06-07,567.93,false
9889b74e-324a-434e-bae3-4827693e1f09,Hyacinth,84,hshadrack3j@ning.com,2023-11-14,125.89,false
601c61c0-310d-4748-ab46-c311d9096e9b,Kenny,44,kkirtlan3k@uiuc.edu,2021-11-07,716.25,false
335c53b4-07aa-4874-b665-3c3925a14106,Townie,63,twalkey3l@ezinearticles.com,2021-07-09,468.46,false
cc82d4df-9610-41f5-bb20-5091790963de,Del,55,dsellick3m@cisco.com,2021-07-24,107.61,true
b0640929-4171-4fba-9dfd-0260924e4dca,Sue,61,sbirdsey3n@slideshare.net,2021-04-13,991.85,true
3b11c539-d62a-4836-bca1-5960d88c8531,Anna-diane,64,ashellshear3o@samsung.com,2020-11-14,785.03,true
926c9d6b-43ab-4cd8-98b8-6fd7dc3f9547,Shela,15,statford3p@edublogs.org,2022-10-14,385.31,false
b7bbd596-fc9e-4124-a518-abf50d796a0b,Meagan,69,mcalvert3q@odnoklassniki.ru,2022-06-11,902.22,false
32fa3548-68a5-49a0-ae3f-ae953e18c26a,Braden,59,bdonnellan3r@opensource.org,2021-09-21,171.58,false
4bbc7d20-fb67-49cd-b4dd-514baa842158,Lindsey,23,lsterzaker3s@google.com.br,2023-05-06,966.92,true
bf682c03-bac4-4888-b1ee-85211991b3fb,Davon,2,dcopeland3t@cyberchimps.com,2023-05-19,684.06,false
7b9ab5fc-a5f4-411b-941c-c80924c9202f,Reina,13,rtym3u@cargocollective.com,2022-04-11,351.86,false
7b84b2a8-d8a4-4173-9dde-5d709fd163e0,Moss,67,mklimaszewski3v@godaddy.com,2021-04-25,550.03,false
e6849a1b-e05d-4da2-818b-48c0bc5456a0,Edwina,,esheryn3w@nbcnews.com,,995.18,true
06ff0486-935e-41e0-9ada-3e57bbcecfa7,Jerrold,71,jdobbin3x@upenn.edu,2021-02-25,854.15,true
da6290b5-c249-45a1-90d2-dcf41642bd38,Tisha,94,tlambshine3y@acquirethisname.com,2023-07-20,666.22,false
30c5ae28-f1bd-48f5-b74c-0808dda59eb9,Evin,17,emurgatroyd3z@mapquest.com,2020-12-11,126.21,true
ab988108-f9e2-41b4-8c74-3d8bf1a93a6f,Garrick,105,ghawkins40@businesswire.com,2023-01-29,593.99,false
77d5f4c6-1b12-4c98-8d35-becc341c1c83,Erina,32,ereggio41@devhub.com,2021-03-31,966.95,true
e8cdfb70-3770-46ff-a0f6-3be6be35ee36,Yvor,93,ydavage42@google.co.jp,2022-07-31,263.58,false
66020b38-4ad3-4d57-89ea-9d355b079306,Humberto,89,hcotter43@discovery.com,2023-08-20,349.22,false
ca3815a1-8ae3-4abd-8cb6-b57aad40897e,Maryjo,11,mrayment44@i2i.jp,2021-09-11,353.32,false
1831ae09-ac47-4912-8dbb-e4aeb3356497,Norina,83,ngirling45@sitemeter.com,2023-07-11,407.09,false
d11bcc7e-d166-4874-b6fb-8946ea95f173,Tony,101,tiannuzzi46@discovery.com,2023-02-22,219.23,true
,Brnaby,39,bray47@jalbum.net,2020-10-13,489.65,false
e0ac5ccc-5904-4693-987d-dc149d83f3f8,Rhett,92,rmcgovern48@twitpic.com,2020-08-19,26.02,true
bbad8b55-0236-45d1-a123-d8a0b0e68946,Grace,34,gphilippart49@zdnet.com,2021-09-23,830.42,false
df2642a7-8415-4522-b607-a5ed55041cd6,Bel,11,bmaxwell4a@mtv.com,2023-08-22,436.32,true
1402912d-1e3b-4e13-bc3f-ccdf2230c3da,Coop,33,cmuddicliffe4b@chron.com,2023-08-06,231.38,false
eb95e10d-55f6-4730-a715-1824c1936e7d,Gates,57,gwetherhead4c@pbs.org,2021-05-08,445.74,true
74b3201b-f713-49f6-ad63-f383f6a5a90e,Harv,106,hgehringer4d@ebay.com,2021-07-26,536.37,false
cf61829a-f750-42f2-9bdd-6dbca9495368,Kellie,81,kheaford4e@github.io,2023-10-24,22.64,false
57f5a4cf-ca05-462c-8465-6eb42ecfc818,Tammy,37,tbrunetti4f@google.it,2023-09-30,900.71,false
5bf336f4-8ff3-43dc-bd86-ab47aa82e0c3,Kimbra,63,ksommerland4g@tripadvisor.com,2020-07-06,107.85,false
cd796eec-0ff3-4a42-abbb-8394f236f001,Yalonda,102,yquare4h@intel.com,2023-09-14,718.95,true
a1e6b2a4-151b-4d37-8698-c2d235df588a,Field,58,fmctrusty4i@tmall.com,2022-08-28,724.42,false
ed5d71b6-e44b-4cc6-b700-1fcf8ce22c03,Beitris,55,bmaryska4j@last.fm,2021-01-15,45.0,true
2f63ebda-8ab7-44b6-a7ff-c47db9947201,Sammie,,shenker4k@zimbio.com,2023-02-26,571.56,false
64ea9975-299c-455a-b4b0-0a5bdb0fe13d,Bird,55,bpencost4l@wufoo.com,2024-04-27,226.11,false
3fffecd1-2c5d-49fa-8317-0229ac378bce,Phylys,28,pgallihawk4m@hostgator.com,2022-03-29,943.06,true
e00ee565-f28c-455f-b047-7bdb72e9eb43,Marchall,35,mofen4n@elpais.com,2021-07-10,529.18,true
b0fba548-12b0-44a2-8552-c6fab30cb8ba,Janeta,91,jillem4o@nih.gov,,501.01,true
91fa02cb-27a2-48a6-824d-da1c4175cb58,Netta,83,nimesen4p@mac.com,2024-04-29,581.38,false
4b47479c-35aa-4cfc-9be5-43710ad141cc,Gustave,49,gkubasiewicz4q@zdnet.com,2021-07-23,943.67,false
21807443-0eff-4a67-87a9-f022e8fad923,Christan,43,cstoner4r@shutterfly.com,2021-12-29,438.09,false
ca100a1f-d4a5-4466-a5de-3e4cf7471fff,Elsey,21,ebarnhill4s@xinhuanet.com,2023-06-28,234.77,true
05b2c7ab-aa1b-42c2-ae3c-1070453228d4,Chiarra,,cgallally4t@dion.ne.jp,2021-10-04,312.02,true
2e68c1b1-e30b-45a3-925b-ccda9aef10a5,Tracie,61,tpopping4u@chron.com,2020-06-04,157.9,true
732f2e64-979e-4583-abca-8fb1e93b535c,Ronnie,44,rcamerana4v@paginegialle.it,2023-04-06,318.27,true
c45d6f92-88fd-4a4d-9223-1b0622e79e04,Maudie,11,mmucklo4w@pagesperso-orange.fr,2023-08-13,741.05,false
f555314c-94cf-4398-84b3-0cdffa266877,,59,gollenbuttel4x@kickstarter.com,2021-09-23,451.26,true
fe215d9c-8e92-4c95-b59b-f108c80c1a3d,Clarey,77,ccupitt4y@youku.com,2023-11-25,193.72,false
fd4c6eaa-8f12-4e68-bb49-76ef56e8bac0,Vito,49,vgabbott4z@europa.eu,2022-04-16,374.17,true
d7ccd55d-1fcc-42fe-babe-11d199273391,,83,rtaggerty50@tumblr.com,2022-12-08,695.53,false
5882f9bc-f4ff-48dd-a38e-9be08d2be0e5,Katherine,28,krowlson51@oaic.gov.au,2024-04-17,436.63,false
26d01aa6-0aef-4f45-8f93-98f18a264e19,Loni,11,ljope52@biglobe.ne.jp,2022-05-03,862.93,true
95022d10-f295-4764-b0bc-626629dd9560,Lucy,24,lgoligly53@soup.io,2022-04-21,298.17,true
d7b9129d-4219-4a51-82a9-8cea3ce1920e,Maynord,99,mdreng54@usnews.com,2021-03-03,802.36,false
288a2920-2004-4458-b052-1a9af8b2a1c7,Nady,39,nmacdearmaid55@photobucket.com,2023-02-24,462.46,true
cc00c256-804a-4b8d-8137-5a8372f72b52,Monro,47,mcannicott56@moonfruit.com,2022-11-03,194.04,false
6ffc5b63-8c7b-4a15-ab41-74edb9286a03,Lolita,28,lissacov57@zdnet.com,2020-08-13,359.61,true
d5bfbb70-1b12-4ec6-9990-7c30d8442655,Zenia,33,zmatignon58@theglobeandmail.com,2023-02-25,98.8,false
000912dd-873b-4a84-9981-743451f8454f,Elinor,95,eslee59@homestead.com,2021-05-22,622.89,true
9cafafe6-2921-458e-b00f-c4bcad7897af,Stanislas,36,sciccarelli5a@histats.com,2023-02-17,34.24,false
92a373bf-2e9c-48c1-b288-f78b0e6d6e76,Karola,11,kbigham5b@fotki.com,2024-02-29,573.56,true
ed4b2536-fef3-465b-80ea-4a0470d38d65,Josy,56,jwhiscard5c@skype.com,2024-03-03,,true
5e86c558-8f66-49a0-974e-aa5e52908fac,Penni,49,pliccardo5d@mayoclinic.com,2022-11-13,258.67,true
7ccfd9a8-d340-482b-8e6a-cf6a94d3dd1a,Shoshana,14,sblainey5e@hc360.com,2022-11-10,915.74,false
78a4ac9c-7e97-436b-8e95-85ced036c086,Damara,84,draccio5f@arstechnica.com,2021-12-23,713.96,false
a8764844-1057-4702-8efb-2337c4dc85a9,Kristien,70,kpetrosian5g@utexas.edu,2022-10-29,113.56,false
ffa76521-b8e6-4d4f-925b-29eabeae4576,Benton,80,bsporton5h@economist.com,2020-11-16,72.18,false
9e6025bd-1e1b-4780-98e3-a405142fa21e,Trudie,103,thawarden5i@jiathis.com,2022-04-04,51.8,false
c0842958-4c64-4309-8507-4df9fdfeb1ad,Tonie,101,,,339.91,true
b57ce11c-b760-4110-94e6-fa8d51d1d918,Muire,,mmcmurray5k@com.com,2023-11-07,630.09,true
38b36e1f-e03d-4657-98b2-117026f5eca3,Ram,92,rpentelo5l@photobucket.com,2022-09-06,412.96,true
ebc16740-58a9-4b22-9ffd-60b9728a41ae,Imogen,16,ischlagh5m@amazonaws.com,2022-02-22,692.8,false
b531f5f6-3754-4a8d-a860-f50c92ca69cd,Karlee,72,kblowen5n@naver.com,2022-01-29,71.7,false
19c5c129-22b4-414a-b9f1-e64f84ef2094,Chandler,82,cbetteridge5o@umn.edu,2023-02-20,941.37,true
c04b431c-9a65-483d-a1b9-6172e864f0ff,Tamiko,3,tkrauze5p@pagesperso-orange.fr,2023-03-12,370.59,false
625d2a84-1022-4548-afa1-dcf22d0cb434,Tyrone,103,tgarrity5q@cpanel.net,2024-02-12,329.54,true
1c99f285-fd66-4acd-aa76-5810a5ab5d01,Veriee,28,vwensley5r@4shared.com,2022-11-20,257.97,false
00ede9e2-c611-4cc0-b60f-6bfa98fad2cf,Kristi,40,kalgeo5s@dell.com,2022-07-02,219.61,false
e2136022-2331-4d6f-bd66-cd23504d6a67,Fred,38,fplayfoot5t@slideshare.net,2022-06-19,766.15,true
cc0bba1e-5f77-42a8-80ca-933499d8fbca,,50,bjee5u@mtv.com,2023-11-19,900.8,true
b70bc817-171d-4dad-aac2-fc697adbfcd3,Pinchas,14,pasee5v@aol.com,2022-04-28,899.03,true
2d572393-d81f-45d0-bd98-d49b5f0d53fe,Bibby,106,bsalthouse5w@twitpic.com,2023-05-24,881.2,true
6ba2dc96-c309-4d2a-9ae2-388ceff1e212,Sari,71,shandley5x@admin.ch,2023-07-14,106.84,true
6040b809-4ffe-492f-a328-c2bf030905cd,Penelope,34,pgrimes5y@geocities.jp,2023-11-03,285.49,false
1d05a025-33bc-4a30-957b-eb491a698ad2,Jobie,108,jhapgood5z@csmonitor.com,2021-10-04,581.41,true
034d9b15-eae3-425b-a2c1-8b7216f2723c,Thom,5,tenglefield60@japanpost.jp,2022-05-28,816.14,true
02ba577c-5c58-4f7c-abc5-11a0cd081f31,Hertha,76,hlovekin61@multiply.com,2020-07-18,741.3,false
21d73026-6e4e-4365-b3cc-e09682dc9467,Aloysius,0,,2023-11-16,198.24,false
dc5329d7-b4c4-40b4-8690-b7d333dba074,Edee,98,efladgate63@1688.com,2020-12-06,95.08,false
aa113ab4-073a-47c9-bca1-fad854f3a55d,Kellen,85,kpozer64@sohu.com,2022-01-07,998.42,true
0a59db11-8402-44c0-9d6e-fa8a53e03a14,Felecia,5,fscholey65@biblegateway.com,2021-03-28,70.98,false
1ccb7c52-d627-48d2-9d10-8d20360a9103,Bret,96,bnewe66@odnoklassniki.ru,2023-06-24,317.58,false
84e54ade-75af-42c1-af13-e8959a480e94,Frannie,9,fbartosiak67@netscape.com,2022-01-30,424.43,false
4c8bd87f-0286-4b25-9a08-38334932bffe,Madella,58,,2023-10-05,291.73,false
cb13889e-9843-490a-ad25-ef09e6139feb,Archaimbaud,73,acrumbie69@surveymonkey.com,2023-06-23,491.44,false
576c6c5d-661c-43d0-a380-f63467e736d3,Russ,25,rmougin6a@networksolutions.com,2023-10-24,505.01,true
6428c286-bd94-4974-bb67-f6ce4cddbe3c,Kaela,110,kwagg6b@weebly.com,2023-10-07,592.56,false
23c07b1b-285e-4cc8-acb7-7dfdadecd8ba,Leodora,23,lblacktin6c@slate.com,2020-12-31,150.35,false
b6ff1646-79c3-43ba-834e-d37dacd7c65c,Shanda,5,spoulter6d@shareasale.com,2021-06-18,288.9,true
8b54a592-99a9-490f-8612-33db140de3c8,Domingo,5,drosenblatt6e@bravesites.com,2021-03-11,101.51,true
0c649c99-26f0-488e-b4b4-8038abf8a00d,Melisandra,63,mmaestro6f@free.fr,2023-04-06,812.35,true
8fcc30d9-d304-4f8c-8d9f-3f45de014e78,Audy,78,atweedlie6g@oracle.com,2023-08-07,542.57,true
ce303222-78d6-40fb-9d5a-0fe79c8daf12,Luke,6,lpeppard6h@wikia.com,2023-07-20,576.21,false
50ca8179-0e96-4120-a46f-04e14bd6b01c,Dael,81,ddimitrescu6i@tiny.cc,2022-12-11,417.58,true
36edc1af-3c6e-46e4-bae2-73a64a51487b,Arin,56,aquemby6j@imageshack.us,,549.49,false
1933c8fd-155f-498b-825d-05214af1c426,Terrance,43,tmckeurtan6k@state.gov,2022-01-02,549.87,true
3c69c35f-40a7-4e2b-946d-6542d3569bd7,Latia,13,lsommerton6l@vinaora.com,2022-10-07,985.49,false
302f2530-880b-45b7-ac99-c97cdd46ccff,Palmer,14,planchberry6m@ebay.co.uk,2021-04-27,68.41,false
eb99bd9c-ff2e-42d0-8208-5515c10ebb2c,Hendrick,49,htotman6n@alexa.com,2022-08-04,870.82,false
f21d6822-dd23-46b8-b9ef-2cc6b6a33672,Cyndia,,cwybron6o@w3.org,2022-01-04,,false
96afc917-d43f-4fa0-ae72-4eba5d6787ac,Olivie,74,oradbond6p@whitehouse.gov,,420.91,true
4cc2fbed-2e33-441e-92d1-c6e3d236fdad,Alleyn,59,arainforth6q@eventbrite.com,2023-10-15,473.04,false
255f3c09-3c40-4f63-be40-163ef2f17856,Ignazio,77,ilissemore6r@bravesites.com,2021-01-13,131.7,true
fbff8ca7-8848-40a3-a199-cc928e8002bf,Lincoln,37,lharston6s@mit.edu,2021-04-28,359.25,false
880cdccc-3539-4cb2-8aa4-641e5e92d868,Candra,45,cmackowle6t@shinystat.com,2022-02-06,683.31,false
9f78eb21-b95a-4a77-9bbf-3ebe1a2cf89e,Christy,97,catwell6u@ustream.tv,2022-06-20,907.9,false
935b3faf-f13b-468e-96a5-abe8cb6a4784,Rebekkah,40,rkarle6v@mtv.com,2020-08-12,327.86,
,Aeriel,79,amattea6w@deliciousdays.com,2021-03-10,125.17,false
a772851f-5e28-4b2b-b4d3-7d22c14b8cb2,Chickie,108,cboard6x@europa.eu,2023-01-28,430.95,false
92b88b35-c255-432c-a6d7-893a405525de,Katee,4,ktomovic6y@instagram.com,2023-05-01,,true
2e325bbe-121b-4b3c-bff6-0f965f948092,Laverna,3,lpickston6z@prweb.com,2023-03-18,308.99,true
375e43a2-8e46-49e1-848b-6f181fcf4529,Louis,106,lkorneluk70@bloglovin.com,2021-12-31,760.14,false
abe38812-3a2f-4534-a76d-bcd58770b502,Evita,6,eperulli71@fema.gov,2020-11-18,838.48,false
afc4cb58-e209-4df3-811a-0ab821db413c,Levey,8,leisak72@over-blog.com,2023-01-07,749.94,true
10c26beb-dd1e-4cd4-a76a-c229276fb5ea,Tad,88,twoods73@globo.com,2022-11-11,798.61,false
,Kalindi,68,kbrierly74@surveymonkey.com,,803.79,true
,Margaretha,51,mchelsom75@chron.com,2020-08-01,318.69,false
4ec3ff61-b382-48dd-b0e0-325b7d2ca084,Ariella,28,adickson76@ycombinator.com,2020-06-15,44.8,false
b61b7261-d090-4483-87bb-686126a81e18,Marcellina,53,mkilliam77@shareasale.com,2024-02-05,509.92,true
3546d054-d12e-4979-b59f-0011aed87e9e,Paige,8,phanigan78@epa.gov,2022-10-02,462.0,true
,Burke,7,bdelaharpe79@netlog.com,2021-06-07,898.61,false
e1a66636-680d-4bb5-b1a9-be0a536e917e,Shelia,85,smonelli7a@auda.org.au,2022-01-10,449.86,false
6f92d8d4-14f9-49b1-ad35-761d78bd6745,Josi,0,jthynn7b@jalbum.net,2023-05-22,995.0,true
daa4673e-1b2e-4d12-9bf8-61041a3c5c5a,Robbi,69,reagland7c@japanpost.jp,,931.01,true
2d0c3c07-bef1-4202-86e7-e19f9c95b457,Efren,7,ebartholat7d@com.com,2023-06-26,805.8,false
a076bd62-8777-455d-9ce2-66897d92f3ea,Brannon,102,bwey7e@statcounter.com,2022-03-31,624.72,true
c35218e7-3d94-4ab0-8833-25601e961d45,,91,mlamberts7f@cbsnews.com,2022-08-12,348.34,false
7f8af979-eeb8-46fa-aad4-dbaea7088ed6,Denna,34,dnend7g@zdnet.com,2024-01-08,403.51,true
,Viki,92,vlamb7h@ed.gov,2024-02-12,66.35,false
76e84212-ac3a-485d-9b14-341978ca5cd4,Husein,11,hkinker7i@opensource.org,2022-10-01,564.11,false
b5fe9653-323f-45de-8438-07496a3a7817,Hubert,45,hflobert7j@netscape.com,2023-05-30,524.12,
659a1400-ca17-4e2d-a1c7-7d1c79e065e5,Farlie,2,feckersley7k@cbc.ca,2021-08-11,282.88,
879b3fa2-6da7-404c-b0b2-428e0cc33580,,75,fperrigo7l@squarespace.com,2022-09-07,222.92,false
e739b2ad-c79e-4599-8c8d-f6fe99063ce9,Mackenzie,15,mburlay7m@ed.gov,2024-04-05,796.76,true
63fb5133-01b1-4e8a-8d40-16ba9aa7e055,Clio,43,cpownall7n@blogger.com,,59.49,false
87c8db9c-1f4d-428b-92dd-1dff9ba812c7,Shaun,58,slayne7o@drupal.org,2022-10-21,280.24,true
6b9072df-e66a-4356-ad4d-57363d95f084,Golda,16,gbrittoner7p@sakura.ne.jp,2023-04-13,235.53,true
6994f3f3-87b2-4eac-ad55-bc4b23db0195,Karlens,68,klewton7q@telegraph.co.uk,2020-05-08,25.86,true
fae1bcf0-37a2-40cb-9a78-5a0b34a34d47,Kamila,50,kofield7r@etsy.com,2022-03-20,762.17,false
b5948b7c-bcc9-4de1-9d3f-2fbc4cfce376,Frasco,103,fdorow7s@opensource.org,2022-01-19,437.75,true
f75e3c86-9ba5-422e-a3d2-309cd1894ab1,Merna,98,mmuggach7t@nature.com,2021-03-21,140.67,true
0421ecda-e8ca-4a62-9899-a503324c79d9,Berkeley,53,btredwell7u@freewebs.com,2020-07-03,689.2,false
e9f0d7ac-2f4b-4efd-af59-227d8df49158,Thorsten,32,tmapam7v@cam.ac.uk,2023-08-22,101.13,true
44c2cdd3-5621-45e0-a42f-f1ca43208f54,Devan,25,dcherrett7w@ocn.ne.jp,2021-02-06,103.46,false
8da23c0b-9e13-4420-8c7b-4c73173c9842,Dimitry,,dorneles7x@bluehost.com,2020-10-16,355.0,true
eaea410b-603c-402b-9c73-ceafa56b8486,Kirbie,68,kdavern7y@accuweather.com,2020-05-06,183.1,true
fe8885ac-e887-499c-a5df-e82d7821a128,Chrissy,66,cdionisetto7z@foxnews.com,,285.35,true
f587b990-74eb-4608-976d-2c8fd3e7a696,Erna,59,esavory80@histats.com,2021-08-21,404.41,true
5deb390d-2974-413d-b187-794e223b3401,Helyn,61,hgrelka81@sbwire.com,2022-07-15,968.52,true
19b9d11d-fab1-4968-949b-d189e4e56bb0,Estevan,28,ebembridge82@blogger.com,,182.52,false
ef4031da-7a08-4c6a-bdb9-da9a126564e6,Sollie,53,,2021-06-27,948.5,false
48c4d12d-6727-4e3d-a674-1660154608b7,Kore,10,kalforde84@yandex.ru,2020-05-05,,false
b27628ec-ebe3-4fc9-b9f0-291588ec51cc,Jania,52,jjerschke85@github.com,2024-01-12,417.15,false
d700c6ee-299b-4e9a-8c7d-49fa00590cb7,Tallou,46,teastby86@ihg.com,2022-05-07,218.42,true
4b7daca0-6829-4c1b-b48e-3785e2a6883e,Dolph,,ddriver87@amazon.de,2022-12-06,724.02,
9d560065-db2b-410e-89dd-5053cac68330,Del,41,dplail88@hugedomains.com,2021-03-22,857.22,true
75ce8e69-5106-4560-b77a-1a1fcba56c71,Hamlen,75,hprangnell89@discovery.com,2022-05-15,871.85,false
6dc85935-104a-4832-9d57-3ece4927bc59,Peria,83,,2022-09-04,348.5,true
2665b057-1f48-4c6c-a246-84abed9767bd,Patsy,40,ptingle8b@webeden.co.uk,2023-05-05,267.95,true
1e0be604-08f9-4e9e-bda4-f73365644761,Patton,16,pgoodger8c@state.gov,2022-04-29,143.87,false
74186b09-b281-4bc6-81c2-d9167a8f4fb7,Ninnette,,nbaribal8d@privacy.gov.au,2021-03-07,868.81,false
6a38e785-cf4a-417d-ad23-d01e91c7c0ba,Rooney,103,rkrysztowczyk8e@ebay.com,2021-11-21,612.41,false
184563a3-b972-4870-91bc-ff334b6cc07d,Nat,39,nclay8f@gizmodo.com,2024-04-06,687.98,false
682a5787-de9e-4db1-8f4b-3bbc3dbc94cc,Dame,104,darboine8g@telegraph.co.uk,2020-06-03,614.13,false
d1366906-cca8-4d9b-ad1b-6f9e9cfcf6aa,Morry,92,mstott8h@marketwatch.com,2022-07-12,855.55,true
3c629b05-655f-47a0-a56d-b2e1a7bf117c,El,107,edunbar8i@purevolume.com,2023-09-07,280.54,false
b287a3a6-2d2e-4c83-ae91-fe586c58f6b1,Desmund,28,dhackly8j@apple.com,2020-09-09,382.64,false
c42e0509-aca0-490a-ae74-f687f0026b4f,Lannie,53,lwhiteside8k@msu.edu,2024-04-29,715.94,true
d2857490-1b09-4955-b43e-81e7769b89b9,Jerald,36,jcreaven8l@icq.com,2022-02-10,704.71,true
c0f1e499-21f8-4b65-a058-b75f9a9e6e8e,Xenos,36,xsambrook8m@youtube.com,2022-08-29,330.27,true
a6b982cc-efcd-4866-b004-e329cfce0f3f,Edi,63,ecratere8n@wired.com,2021-11-09,106.2,true
33e2c4f6-73eb-4cae-bcb0-7e605cd8d6a7,Pat,29,pswalough8o@economist.com,2020-12-29,,true
18e63a87-3701-49dd-ad2b-6561f44a214c,,,hlage8p@wikipedia.org,2023-03-01,903.41,true
da3046d3-2f00-4a59-a9e5-bee0647cc16e,Derby,10,dcasper8q@sfgate.com,2020-09-16,401.19,false
f7edb57c-2214-4ff5-a4c0-9b4142e1ef36,Guillaume,,gshoebridge8r@merriam-webster.com,2023-12-29,,false
1a047a57-4813-42f2-8e1d-18fb16749184,Pasquale,52,pneeves8s@prnewswire.com,2020-08-20,439.08,false
b12da87d-0e0b-4fd0-91fe-52bfa9c182b0,Zeb,86,znemchinov8t@opera.com,2020-07-10,391.71,false
d6a568bc-9de8-4f0c-a651-2191b8b1e70b,Ezra,54,ewhetland8u@columbia.edu,2020-11-04,491.96,false
bcc27958-3958-4089-ad9e-f0db441f61d9,Mae,92,,2023-06-05,722.9,false
6a4ec416-a059-42e2-8fec-37b6ef854d28,Annie,82,asnoday8w@china.com.cn,2022-07-15,234.1,true
8db5f23c-f949-4543-a74e-90014ceb5d76,Colman,71,cvigars8x@github.com,2022-02-19,365.48,false
c19cd507-fb8e-4138-a8de-3e5913417c18,Ainslee,59,ascholtis8y@psu.edu,2020-05-13,410.57,false
115ab7db-c3fa-4b50-94e2-8185e1f3dbdc,Micky,27,mfeldbrin8z@dropbox.com,2020-06-17,445.21,true
eda7eec9-1653-4f7a-85cf-8c93f6c5e401,,79,wfinden90@mtv.com,2021-02-07,828.74,true
18fbad04-b2f4-4114-bdc0-a2908ab7b889,Dulcea,92,dbleackley91@wunderground.com,2022-05-06,898.71,true
3f12757e-c935-4934-9ddd-4fb42a8ab75f,Hall,103,hweaben92@disqus.com,2021-11-10,426.12,true
0ac74772-a8b4-44b3-b7e7-5726f4d48da3,Poppy,60,ptrevains93@symantec.com,2023-07-03,65.2,true
8576f9d9-7818-4b05-9aac-5f7f9a200a6e,Rhonda,95,rmcloughlin94@shutterfly.com,2023-12-29,988.68,false
c2f7dc07-9275-4b7a-857c-050dbef2ddea,Gerick,15,gmoyser95@slideshare.net,2022-10-04,885.34,false
f3c819d9-bd6a-4630-b246-a1360dd720c3,Coreen,101,ccockshott96@berkeley.edu,2024-04-25,,true
2eccd15e-758b-44c0-ae3b-76b8ece1dc2a,Eugenie,94,ebedow97@redcross.org,2021-05-10,842.0,true
33314a1e-2403-49c9-8fb1-4cab3ebdcb78,Karisa,98,kvynehall98@abc.net.au,2021-06-16,355.85,true
4f74291f-7f79-47b2-ab50-0672ea140ce8,Shanna,90,smuckloe99@bloglines.com,2022-04-12,715.6,true
86a07c6b-9284-437d-8160-af3999ef2bbc,Bondie,103,,2022-04-10,,true
ed1ed5e6-d383-401b-9946-1570608822a3,Agatha,40,agoody9b@shareasale.com,2023-10-18,947.31,false
76911da7-6958-4e79-abd5-b85aa8f5dad9,Franzen,3,flohan9c@mozilla.com,2021-03-18,655.13,false
a64e5008-c68a-4115-8747-fe412f6f2bae,Evelyn,17,emclaggan9d@reverbnation.com,2020-10-11,170.34,false
ee2ded08-5075-4563-9b34-0ef2f2c5b03e,Inessa,104,ihincks9e@domainmarket.com,2021-06-17,554.96,true
fcef9673-537d-483a-a1a8-f19a011fef15,Beulah,16,bdiviney9f@hatena.ne.jp,2024-03-19,510.34,true
a2594223-470f-4d02-ba81-1e69ac7f8ede,Annabella,,abeaven9g@delicious.com,2021-06-22,580.89,true
8b2bed9c-a8c8-4403-9f79-810b02416f1c,Ed,34,eleather9h@sohu.com,2022-04-02,146.58,false
e55e1aa3-94db-42b3-bfb6-6cf2aa4cda42,Leicester,67,lcavendish9i@google.com,2023-09-21,945.86,false
cd363654-0b13-433a-b7b7-2f3b81ba0f25,Steffie,13,srobak9j@mozilla.com,2023-11-12,622.23,false
d1428711-7ba3-4a67-9009-538c122d2612,Igor,82,iwimbridge9k@mlb.com,2022-05-14,391.82,false
1ba551fc-b893-4b18-83b7-bec7dbbf6c3d,Flory,24,ffearfull9l@rediff.com,2021-03-19,179.34,true
50bb4eef-7cac-4280-aafd-13b835d91d96,Brew,101,bcamilio9m@i2i.jp,2020-12-31,,false
194771a7-c269-4ee8-9d97-668b8a723838,Boycie,82,bslowly9n@instagram.com,2021-08-05,331.08,true
28ad55fa-a630-48c5-90ef-340a18bbab4b,Roxine,45,rlarder9o@unc.edu,2021-10-01,388.59,false
995ce5d9-a7b6-4f15-83f4-49d2da03714e,Wylma,3,whumphrys9p@mit.edu,2023-10-29,60.34,true
c0ffac8c-ce91-463c-8e01-bd710550f1e8,Rachelle,47,rmccann9q@mayoclinic.com,2021-02-18,777.89,false
498da244-df3d-48fa-b204-081c750fe151,Hieronymus,33,hvanichev9r@wix.com,2021-07-15,998.76,false
ee84971a-efaf-4a77-90b0-44614f2028b1,Orton,72,okasbye9s@nasa.gov,2020-07-01,591.78,false
5db2e7f0-d439-4569-b9ff-070110d07d28,Marylou,38,mdellenbrook9t@mapquest.com,2021-04-04,521.6,false
704bbd65-e9e3-4457-9a78-a5321212aa84,Garrott,61,,2023-04-25,474.63,false
6f67b586-6eed-45c7-b254-b5b126773f54,Aguie,47,aretchless9v@e-recht24.de,2021-11-28,164.27,true
261302cb-4095-4349-a554-faf9010ba7a9,Leann,109,lbedinham9w@opensource.org,2021-11-09,157.84,true
9918b749-e4d7-4ec0-81b3-366f921d2f3d,,65,ncasin9x@theguardian.com,2022-11-07,82.53,false
d0fc36fb-0bec-435c-9f91-4eee7f35f4a3,Oralla,51,oglen9y@homestead.com,2020-11-16,276.15,true
365fae40-e3d5-4ac4-9c62-924c4f7f3a58,Dun,12,dhowen9z@desdev.cn,2023-10-17,771.75,false
d4374f61-0edf-417c-9af8-252245e34324,Celeste,87,cborgnola0@creativecommons.org,2020-12-23,614.5,false
d905ca04-29a3-48f4-8237-821f987e1497,Darb,,dgogaya1@guardian.co.uk,2021-02-17,24.85,false
c0a255c2-558e-43e1-a55f-34dbb08ec692,Marge,36,,,354.43,true
c0cb82a2-f362-46ac-a77d-aedf22e6b093,Salomi,5,schurchinga3@skype.com,2022-12-13,242.33,false
df8caf4a-7686-4c90-9ff3-ede70caf43b2,Haleigh,10,hzecchinellia4@booking.com,2020-08-31,397.82,true
bf045fd6-05b2-4f05-8178-333b73918284,Bret,14,bratea5@vkontakte.ru,2023-05-17,817.83,
748967de-6a88-4a8f-adf7-7f0b76877420,Vale,107,vgiacopinia6@1688.com,2024-02-29,446.16,false
7b8e2ed1-f01e-4a5a-a055-58d091fd5994,Brena,13,bflipsa7@edublogs.org,2024-01-28,341.99,true
,Myron,69,mdufourea8@meetup.com,2022-06-18,310.24,false
c8dfd99c-f49e-44d4-aaee-0dcc3e0b7f3e,Heather,44,hlethema9@devhub.com,2023-05-16,294.27,true
e0787898-d3cc-4bc0-bb57-203a098e722c,Belinda,71,btrusleraa@arizona.edu,2023-01-31,976.28,false
0e56a839-d7ad-4f7e-96c5-21337522190f,Llewellyn,69,llawleffab@pagesperso-orange.fr,2024-03-22,139.42,true
b02af034-7c92-4fb9-936a-856b6e7ffff4,Englebert,70,eploverac@apple.com,2021-06-06,46.61,false
4c6317f0-f23f-4900-8113-0683d998f397,Brietta,70,bmcgriffinad@buzzfeed.com,2021-06-06,830.54,false
8cd189d0-a72a-47fc-86e5-49cf9debdd21,Teodoor,0,torrocksae@opera.com,2020-06-17,117.33,true
b237ee53-b9b8-4513-bf81-369ee71e08e6,Devy,58,dgoodgeaf@wordpress.com,2021-02-12,610.56,true
e8f32b65-8f75-4e14-bc08-280d08cdd1ab,Darla,71,dmacconchieag@pcworld.com,,,false
2efe1094-60eb-4f21-8407-d79576f13dc2,Melva,8,mtarrierah@webeden.co.uk,2023-06-26,681.1,true
773eb492-09b4-4ef9-b7ea-676c44a5de0e,Gerrilee,78,gwethersai@accuweather.com,2022-06-20,111.31,true
2a18305e-61b5-42f8-a560-398c2c0b7362,Constantine,97,cwillmanaj@myspace.com,2022-01-21,104.45,true
42c09fea-4e37-4e38-8760-04bfd258936f,Lucais,93,lputsonak@spiegel.de,2021-08-29,846.21,true
4e0b19bc-14cd-40a4-84a6-c33fe6dd3fe8,Brena,74,bnimmoal@histats.com,2023-05-25,829.11,true
1ef61500-6afd-4207-ace7-edf354382580,Job,28,jcainesam@springer.com,2024-01-09,463.53,false
188b9325-c277-4f70-a33b-ff39d29c1bbc,Ynez,27,ydoncasteran@mit.edu,2020-09-09,820.87,false
370f5b03-a83e-4696-891c-91cd0b51c06b,Eudora,23,eattfieldao@yolasite.com,2023-01-13,258.04,false
537a92c0-f0c5-4a2e-bbc4-6c492f631dc2,Adelind,9,asillitoap@bizjournals.com,2022-07-08,526.88,false
07882f77-c31d-4f39-8bf0-b9c9aafe8491,Chrissie,82,cfuenteaq@noaa.gov,2023-12-29,856.22,false
33ed1804-fbdf-47b3-a878-e356b744fff1,Yehudi,82,ybadamar@vk.com,2021-07-24,612.65,true
d8116cf0-e464-465e-84c5-386e4e19328d,Jeromy,95,jvillaltaas@nbcnews.com,2022-12-05,448.24,false
905828d1-f57b-41e3-bfab-ee7bdf7280a0,Celene,35,cmartijnat@eepurl.com,2022-11-19,839.69,true
5ad6baab-b8e5-42e0-aed6-147dbc9500f8,Weber,90,wtegginau@opera.com,2023-08-01,292.07,false
7399cc64-ba07-45b0-bdeb-fcb902088f92,Sari,,ssladerav@diigo.com,2021-11-22,20.41,false
c3d127bb-c4ba-41f0-97f1-19861d688bb8,Lucita,108,lfendaw@wiley.com,2020-12-27,297.01,false
9c0f3ab5-ec8b-4a3c-885e-42e25f5fdc98,Amil,33,aschwartzax@dot.gov,2024-01-09,191.78,false
38fb53dc-7d38-4c9c-b21d-6ac8c6df5054,Rahel,84,rodowday@dion.ne.jp,,753.09,
d87e52d4-8d5e-430c-a7cd-d075f73c0ecc,Hazel,24,hellswortheaz@yahoo.com,2022-12-09,753.61,true
c2a04f52-5074-490c-8512-71866b14de6f,Nevsa,99,nshillinglawb0@omniture.com,2023-03-27,66.0,true
ea2b7d42-4f33-44d8-a410-fcfc0a12b8ef,Oneida,52,oeskrickb1@feedburner.com,2020-07-05,464.41,false
f188979b-7a41-406b-bdb7-afb42783dc83,Colene,38,cledbetterb2@mail.ru,2022-12-31,585.2,false
e097eb11-2acb-4fd9-b5dc-1bc8c32db81f,Holden,10,hburttb3@nationalgeographic.com,2023-07-20,481.53,true
0efe513b-db31-4c53-9f8b-d6025fe52a9a,Fawne,16,fbachelorb4@webmd.com,2024-01-30,265.41,false
ff231c42-e36a-474d-9534-a77e52b364a7,Evangeline,45,esiviourb5@marriott.com,2022-05-24,898.16,true
22bbe992-7561-4ab3-a671-f4ab3d053b75,Payton,86,pwilcottb6@last.fm,2024-02-26,822.89,true
ce87fb9f-d267-4d1b-ba31-290e99ca8f5e,Nicki,100,nmantrupb7@google.com.au,2021-01-09,26.69,true
b9b476fb-b03b-4f77-b7b0-fdc478905eb7,Hesther,77,hingreeb8@toplist.cz,2022-01-31,676.79,true
273cca73-b83d-4e86-aa84-ea326c25cc02,Cristie,,cburleb9@dagondesign.com,2021-10-04,377.39,true
6cab615d-e8a9-41d0-af8f-77ff9a7b247d,Clyve,88,cduckwithba@odnoklassniki.ru,2021-12-28,475.89,true
d0e4d18d-3636-46b0-b48c-87ffdf188582,Manya,30,mlammasbb@flickr.com,2020-08-08,15.47,true
02f7be01-36bd-4a90-bee3-de3bd1872ab9,Georgia,73,galderwickbc@google.co.uk,2024-03-31,309.98,true
89b83b65-d2da-4d67-a709-70efc751ed34,Lars,32,lmartonfibd@state.tx.us,2021-11-02,386.44,false
822c8e11-80e1-4d7f-b34f-349555910f5a,Wiatt,24,wlednorbe@drupal.org,2023-10-04,125.49,true
532c6c23-173f-451c-ba00-51486d86537e,Blayne,80,bemerbf@plala.or.jp,2021-10-31,886.97,true
babbb3f5-17c7-4706-903e-793fb8df354c,Christye,66,clippittbg@meetup.com,2021-06-29,34.0,true
c20eab33-9e9d-4b1f-904c-cebb80d9d45d,Tobye,49,tgettinsbh@techcrunch.com,2020-08-19,369.44,false
457dd7b6-8b28-4930-a9e1-af3658e099af,Miquela,45,mbrashierbi@fema.gov,2022-07-22,202.27,false
daa686b5-685c-47cc-8c66-71738df7afc0,Felizio,48,fbarhimsbj@domainmarket.com,2020-12-20,237.07,true
87a17958-0129-4680-aed3-524503f92c92,Eudora,61,ewaplintonbk@opera.com,2021-09-11,513.67,false
5770e308-acf1-4ee7-8daa-67ce43f1de59,Eartha,52,ewongbl@answers.com,2020-11-29,867.33,false
b208ae07-a18c-44c8-a2dc-663fae749d1f,Sherwynd,55,sandrebm@admin.ch,2023-02-27,282.69,false
e15ea6a1-7aad-4b6c-8986-6dbe7530c303,Mathilda,0,mlatchfordbn@mlb.com,2020-06-13,356.9,true
0497b115-2237-484c-929b-4eb5f2c5074a,Paulie,,pvickermanbo@booking.com,2023-06-21,945.43,false
8adf62cd-d7f5-4f26-8e62-0cb91ea04e02,Wenona,110,wbagenalbp@newyorker.com,2022-08-08,300.73,true
02fdb5f2-f954-47c7-b84f-a92301069f8f,Clive,54,cakessbq@webmd.com,2023-04-08,228.49,false
b8c9b0d5-22d6-4d29-8394-b65f5b410ded,Leonhard,76,lfrazierbr@hp.com,2021-01-18,377.52,false
74a72eca-b962-421e-a3d3-c133400f7dc9,Everard,18,eabrahamovitzbs@youtube.com,2022-06-29,103.73,false
f9989b74-df0a-410d-8357-c19016c81209,Madalena,27,mdeeslybt@amazon.co.jp,2023-07-31,562.85,false
2ec2f790-34ad-4f5f-9662-17a66c7161b6,Carolee,72,cgoldsterbu@cmu.edu,2023-05-08,83.65,false
05776b05-2d18-40fb-887f-528f191b34be,Morna,3,mplacidebv@state.tx.us,2022-03-19,,false
85d505d2-3fc4-43c7-b592-2315ec16c9a6,Nerita,96,nlowersbw@rambler.ru,2022-07-03,287.77,false
d5e822e8-c0b9-4bc3-81a1-0f9cb0e2f7ad,Tracey,78,ttocquebx@hubpages.com,2022-09-21,18.08,true
664f2e4f-727e-4686-b838-aa0039c501e4,Merline,108,mpeddoweby@sun.com,2023-10-31,950.78,false
5f6ba112-e979-4a5f-97ca-9a5f09ebe98d,Kimberly,45,karthanbz@adobe.com,2022-12-19,919.8,true
f48dc98f-253e-40af-a84a-94d2ffa758c4,Cherish,19,ccarreyettec0@nba.com,2022-01-29,411.21,false
899050e1-993b-4f1a-9040-b97a285f0431,Elianore,54,egliddonc1@people.com.cn,2023-11-05,178.72,true
b7a1ebb1-195f-4759-84e3-d34c003b817d,Pansy,,plammerichc2@wikia.com,2021-10-08,983.07,
ef6294de-4689-433d-8036-1cd0110c05d6,Agatha,103,araysonc3@state.tx.us,2022-03-14,25.99,true
a683ef91-9dd8-41c6-a47f-82fdd459f31d,Dulcie,87,dlimeburnc4@bbb.org,2024-04-14,155.22,false
4890ed68-0afe-4528-bc67-a868f6e99e87,Agathe,31,ajudsonc5@aboutads.info,2022-04-29,748.92,true
11a8cce6-8006-4d4f-a51d-15f5791a0c95,Decca,92,dbellwoodc6@bbc.co.uk,2022-01-18,519.11,true
2a0f8e7f-3cce-4937-a697-2e2920e883a4,,70,ehirchec7@economist.com,2022-06-07,460.19,true
fc9e56e7-8a36-4ea5-8597-1f9872f90410,Lukas,5,lknightlyc8@arstechnica.com,2023-02-07,419.14,true
3d1c0c24-864c-4c77-ab64-277f5cc8f30f,Vita,25,vwardhaughc9@wufoo.com,2023-09-12,101.03,true
813ebc65-5985-4f60-97ab-32a5f46abe6a,Earvin,45,evyelca@tripod.com,2024-02-26,268.81,true
b6f8f41f-194d-4edb-9e4e-4a8d44724be3,Carlina,58,ccaencb@webs.com,2021-12-14,721.39,true
438eb49f-ebdc-4292-a126-1100587c4227,Marillin,110,mmedwellcc@cafepress.com,2023-02-01,625.59,true
6d3c3783-bf4b-4318-979d-417946dc6e16,Mace,20,mheephycd@flickr.com,2021-04-03,988.6,true
4ee8223f-84bd-4d7c-9733-d72e3e6bb6e3,Kaitlin,5,kenticknapce@google.it,2021-02-04,163.75,true
ec2c30aa-d914-4169-a549-237159d291d5,Abba,2,ataborcf@t.co,2023-01-10,133.45,false
a1ffd562-d1f6-4ee2-bb5d-5532f0d5ef62,Frederik,2,ftribbeckcg@indiegogo.com,2020-09-26,381.16,false
1035c9b3-c957-4d2c-8be0-f4d4a1807406,Bone,45,beaklech@buzzfeed.com,2023-03-14,278.59,true
cda878a3-2799-4773-bedf-9285d4419f15,Perrine,67,pgravenellci@tripod.com,2022-02-15,38.42,false
e7c0f77f-c8f5-4a81-bbe5-fff1d288c8c1,Kylie,70,kelementcj@yellowpages.com,2023-09-07,660.31,false
b05c6312-135f-4df7-87bc-427a04511177,Deedee,97,dsclaterck@independent.co.uk,2023-07-21,626.64,false
f763934f-d719-4c6b-bc1c-a6170db801af,Maitilde,105,myegorkovcl@indiegogo.com,2022-10-09,864.71,true
67881ad0-b8f1-450e-8ddb-84ee8ff1ac8c,Mata,49,mgremanecm@ucoz.ru,2020-11-21,375.29,true
8c611c99-7f52-46fc-825b-5f07d331083d,Petr,47,prayworthcn@addtoany.com,2023-01-30,673.69,false
18e29d68-59b3-4123-9f8c-85f935f03869,Tabina,,tmcreedyco@ezinearticles.com,2022-11-15,282.97,true
f3f449c5-229d-4396-af2d-d462634b6c6b,Corny,0,cfagancp@irs.gov,2023-01-15,708.52,false
750ea284-bc1a-40a7-a36b-5c6e103d44ac,Margaret,,mkyrkemancq@berkeley.edu,2023-08-15,549.58,false
9d468ca4-6a7f-4052-9a41-cc92a6227f64,,32,jdimmercr@google.de,2023-01-27,447.54,false
a05f3b3a-52c7-4ddf-82a6-8c9d023172a5,Ferne,98,fanstycs@networkadvertising.org,2020-09-10,945.84,true
1378282c-e178-416f-809e-631e10d5ff03,Frants,69,fbanbridgect@aol.com,2023-11-29,331.84,false
e3162e92-997f-4f2f-b74a-bf4e9f84eaa1,Emmet,39,efranciottoicu@latimes.com,2024-02-20,178.26,true
002f43a1-7b8d-4186-a61a-3ed35c86b023,Allx,0,aarnaucv@amazon.co.uk,2020-12-09,511.57,true
40e36e88-b878-48b2-a8fd-ac30e03b2094,Nicoli,0,nkneebonecw@hubpages.com,2023-08-27,126.3,true
ed7e0610-9ba0-4986-912d-64f806ee93b2,Barnard,14,bmadelincx@blogger.com,2021-06-19,482.69,false
8287c81f-4d7f-4635-96e2-f9db13b2bf0d,Cloris,41,cbrissendency@icq.com,2021-06-22,621.46,false
97bccd7f-4ebc-470b-8be2-ecd73fb040a8,Westleigh,105,whanwrightcz@stumbleupon.com,2024-03-08,,false
2a799702-7da7-4c93-b8f5-fd4d20e47c53,Antons,107,aleemingd0@facebook.com,2023-05-13,114.47,true
92809350-29df-4db7-a8f1-0cc6221f6b83,Damara,28,dbangd1@cdc.gov,2021-10-07,599.89,false
82ff2cb9-5e3a-48fb-9acc-5a09e18ee373,Herrick,8,hwohlersd2@w3.org,2023-05-29,270.7,true
549f91fc-55ff-4bf7-bdbc-9a24cb8bcc13,Felic,78,fsmoughtond3@ox.ac.uk,2023-03-18,276.63,false
4200e9e7-5109-45bb-89ca-36b7e75f6e7f,Jethro,63,jkinglesydd4@mac.com,2024-03-20,651.52,true
4c81f332-0480-4ef2-ad89-729d7ad1930b,Filippa,88,fplanked5@google.fr,2023-04-16,841.75,false
b7d0cbdd-48dc-4ae9-8116-481961405b3b,Barney,52,bnickollsd6@disqus.com,2021-03-15,389.97,true
d0baab48-7ade-4d42-b7ae-f8de1c14fe11,Dina,96,dbroekd7@gizmodo.com,2021-05-25,103.53,false
40529f37-deab-45d0-b9ae-48505fea9664,Hyacintha,19,hsimeonid8@techcrunch.com,2020-07-14,978.36,true
c07d314a-c497-4b2e-b9ce-6aae9d1ef8d2,Harald,25,hcranmord9@comcast.net,2022-11-13,778.97,true
41523b7d-c5d7-492e-ae71-418b3c3340b5,Milly,4,mselwoodda@discovery.com,2020-11-02,378.6,true
ca22e71d-c0dd-4b73-9b0d-459292ba2845,Dewain,32,dmoylanedb@ovh.net,2023-01-10,744.34,true
37b66a0e-07b8-4c82-8598-c077bd7926ee,Giuseppe,40,gfairneydc@wp.com,2023-06-27,172.28,false
606bdd8e-0d4a-47d4-ab83-6f5f4857ad68,Barbi,79,bquiddihydd@boston.com,2023-09-20,939.25,
605af2b2-6193-41b1-866d-9b339a7a170c,Valene,14,vvickeryde@sbwire.com,2021-12-19,581.88,false
89bb953d-acd0-4de7-89e5-cb45855f6a7b,Ellissa,103,eroffedf@utexas.edu,,27.89,true
12ae9ce5-3c21-4267-a548-6721e8981277,,109,aormistonedg@youtu.be,2021-11-23,280.88,true
2d4bbd93-8476-4733-8d2a-0bf68239dd49,Opaline,34,omoralisdh@army.mil,2024-01-04,76.15,false
6d79a1d0-5476-45cc-a1b0-8b303406b101,Barty,44,bkubaladi@tmall.com,2021-02-16,602.92,false
71f14529-4687-4fbd-b278-b7c721895f28,Tad,36,tcompforddj@miitbeian.gov.cn,2023-01-05,422.72,true
79ebbeb2-98a3-4742-a927-87bb03715e2c,Rosabel,36,rminnettedk@sina.com.cn,2021-04-27,341.11,false
a9e1c517-629a-4e3d-881b-ea0c01ebacf3,Dennie,59,dhuggensdl@cargocollective.com,2021-12-26,769.47,true
6c45a59d-e594-479f-a87d-651062f486c7,Chantalle,52,cfrankomdm@eepurl.com,2020-10-30,912.93,true
,Meridel,46,mmckinneydn@woothemes.com,2020-08-25,137.15,false
dbcb42cc-cb50-49c8-ac5c-b11dbdad430b,Pegeen,4,phourstondo@cargocollective.com,2023-05-13,873.42,true
b9b51c37-0a08-419c-9617-4805bd31d0e7,Tim,81,tcostockdp@disqus.com,2021-11-27,422.28,true
5984b02c-2f51-49cc-a87c-33df9690fdc2,Joscelin,38,josannedq@vinaora.com,2023-05-29,105.46,true
62aac577-170d-4358-99d6-28a3db61ed8f,Breena,20,brothertdr@stumbleupon.com,2021-12-21,898.24,true
b57155c1-f816-48b2-b0fa-d8b4f9a243b8,Romain,47,rwilloughbyds@fema.gov,2021-10-02,842.84,false
86f00ac8-e2a7-41f9-a0b5-9cdba7d69034,Odette,99,osmedmoredt@spiegel.de,2022-08-06,647.01,false
6d62f962-13e3-4944-b06b-093df6adc58d,Serene,56,sgrafomdu@baidu.com,2023-05-08,714.64,true
d710fca2-a2e1-4bb8-9bd6-83ef2e48e1cd,Findlay,83,fthickindv@ted.com,2020-06-20,481.4,true
